1,aeroplane/2008_000716.jpg
2,aeroplane/2008_001227.jpg
3,aeroplane/2008_001380.jpg
4,aeroplane/2008_001448.jpg
5,aeroplane/2008_001468.jpg
6,aeroplane/2008_001801.jpg
7,aeroplane/2008_001971.jpg
8,aeroplane/2008_001985.jpg
9,aeroplane/2008_002358.jpg
10,aeroplane/2008_002454.jpg
11,aeroplane/2008_003275.jpg
12,aeroplane/2008_003369.jpg
13,aeroplane/2008_003575.jpg
14,aeroplane/2008_003655.jpg
15,aeroplane/2008_003703.jpg
16,aeroplane/2008_003788.jpg
17,aeroplane/2008_003905.jpg
18,aeroplane/2008_004165.jpg
19,aeroplane/2008_004348.jpg
20,aeroplane/2008_004532.jpg
21,aeroplane/2008_005538.jpg
22,aeroplane/2008_005905.jpg
23,aeroplane/2008_005907.jpg
24,aeroplane/2008_005916.jpg
25,aeroplane/2008_006401.jpg
26,aeroplane/2008_006548.jpg
27,aeroplane/2008_006619.jpg
28,aeroplane/2008_006621.jpg
29,aeroplane/2008_006623.jpg
30,aeroplane/2008_006700.jpg
31,aeroplane/2008_006933.jpg
32,aeroplane/2008_007095.jpg
33,aeroplane/2008_007442.jpg
34,aeroplane/2008_007504.jpg
35,aeroplane/2008_007507.jpg
36,aeroplane/2008_007629.jpg
37,aeroplane/2008_008044.jpg
38,aeroplane/2008_008048.jpg
39,aeroplane/2008_008096.jpg
40,aeroplane/2008_008146.jpg
41,aeroplane/2008_008231.jpg
42,aeroplane/2008_008247.jpg
43,aeroplane/2008_008344.jpg
44,aeroplane/2008_008373.jpg
45,aeroplane/2008_008424.jpg
46,aeroplane/2008_008432.jpg
47,aeroplane/2008_008446.jpg
48,aeroplane/2008_008471.jpg
49,aeroplane/2008_008501.jpg
50,aeroplane/2008_008546.jpg
51,bicycle/2008_000090.jpg
52,bicycle/2008_000725.jpg
53,bicycle/2008_001226.jpg
54,bicycle/2008_001402.jpg
55,bicycle/2008_001523.jpg
56,bicycle/2008_001626.jpg
57,bicycle/2008_002129.jpg
58,bicycle/2008_002679.jpg
59,bicycle/2008_002894.jpg
60,bicycle/2008_003072.jpg
61,bicycle/2008_003140.jpg
62,bicycle/2008_003351.jpg
63,bicycle/2008_003617.jpg
64,bicycle/2008_003819.jpg
65,bicycle/2008_004113.jpg
66,bicycle/2008_004363.jpg
67,bicycle/2008_004441.jpg
68,bicycle/2008_004592.jpg
69,bicycle/2008_004603.jpg
70,bicycle/2008_004654.jpg
71,bicycle/2008_004656.jpg
72,bicycle/2008_004995.jpg
73,bicycle/2008_005175.jpg
74,bicycle/2008_005276.jpg
75,bicycle/2008_006064.jpg
76,bicycle/2008_006154.jpg
77,bicycle/2008_006234.jpg
78,bicycle/2008_006254.jpg
79,bicycle/2008_006467.jpg
80,bicycle/2008_007067.jpg
81,bicycle/2008_007103.jpg
82,bicycle/2008_007222.jpg
83,bicycle/2008_007421.jpg
84,bicycle/2008_007470.jpg
85,bicycle/2008_007719.jpg
86,bicycle/2008_007935.jpg
87,bicycle/2008_007993.jpg
88,bicycle/2008_008097.jpg
89,bicycle/2008_008131.jpg
90,bicycle/2008_008320.jpg
91,bicycle/2008_008368.jpg
92,bicycle/2008_008528.jpg
93,bicycle/2008_008572.jpg
94,bicycle/2008_008619.jpg
95,bicycle/2008_008671.jpg
96,bicycle/2008_008708.jpg
97,bicycle/2008_008718.jpg
98,bicycle/2008_008725.jpg
99,bicycle/2008_008753.jpg
100,bicycle/2008_008755.jpg
101,bird/2008_000095.jpg
102,bird/2008_001020.jpg
103,bird/2008_001673.jpg
104,bird/2008_001829.jpg
105,bird/2008_002399.jpg
106,bird/2008_002471.jpg
107,bird/2008_002970.jpg
108,bird/2008_003087.jpg
109,bird/2008_003160.jpg
110,bird/2008_003222.jpg
111,bird/2008_003232.jpg
112,bird/2008_003484.jpg
113,bird/2008_003580.jpg
114,bird/2008_003997.jpg
115,bird/2008_004087.jpg
116,bird/2008_004362.jpg
117,bird/2008_004452.jpg
118,bird/2008_004551.jpg
119,bird/2008_004689.jpg
120,bird/2008_004783.jpg
121,bird/2008_004805.jpg
122,bird/2008_004973.jpg
123,bird/2008_005186.jpg
124,bird/2008_005208.jpg
125,bird/2008_005279.jpg
126,bird/2008_005757.jpg
127,bird/2008_005774.jpg
128,bird/2008_005924.jpg
129,bird/2008_006186.jpg
130,bird/2008_006281.jpg
131,bird/2008_006667.jpg
132,bird/2008_006924.jpg
133,bird/2008_007003.jpg
134,bird/2008_007205.jpg
135,bird/2008_007317.jpg
136,bird/2008_007498.jpg
137,bird/2008_007587.jpg
138,bird/2008_007752.jpg
139,bird/2008_007839.jpg
140,bird/2008_007854.jpg
141,bird/2008_007948.jpg
142,bird/2008_008002.jpg
143,bird/2008_008185.jpg
144,bird/2008_008194.jpg
145,bird/2008_008347.jpg
146,bird/2008_008354.jpg
147,bird/2008_008376.jpg
148,bird/2008_008404.jpg
149,bird/2008_008461.jpg
150,bird/2008_008490.jpg
151,boat/2008_000195.jpg
152,boat/2008_000405.jpg
153,boat/2008_000437.jpg
154,boat/2008_001041.jpg
155,boat/2008_001135.jpg
156,boat/2008_001160.jpg
157,boat/2008_001202.jpg
158,boat/2008_001799.jpg
159,boat/2008_001858.jpg
160,boat/2008_002482.jpg
161,boat/2008_002504.jpg
162,boat/2008_002773.jpg
163,boat/2008_002850.jpg
164,boat/2008_003062.jpg
165,boat/2008_003100.jpg
166,boat/2008_003701.jpg
167,boat/2008_003849.jpg
168,boat/2008_003858.jpg
169,boat/2008_003951.jpg
170,boat/2008_003988.jpg
171,boat/2008_004014.jpg
172,boat/2008_004291.jpg
173,boat/2008_004812.jpg
174,boat/2008_004969.jpg
175,boat/2008_004983.jpg
176,boat/2008_005321.jpg
177,boat/2008_005536.jpg
178,boat/2008_005593.jpg
179,boat/2008_005664.jpg
180,boat/2008_005683.jpg
181,boat/2008_005695.jpg
182,boat/2008_005720.jpg
183,boat/2008_005863.jpg
184,boat/2008_005923.jpg
185,boat/2008_005959.jpg
186,boat/2008_006014.jpg
187,boat/2008_006163.jpg
188,boat/2008_006289.jpg
189,boat/2008_006404.jpg
190,boat/2008_006488.jpg
191,boat/2008_006654.jpg
192,boat/2008_006720.jpg
193,boat/2008_006730.jpg
194,boat/2008_006877.jpg
195,boat/2008_006925.jpg
196,boat/2008_007056.jpg
197,boat/2008_007101.jpg
198,boat/2008_007599.jpg
199,boat/2008_007841.jpg
200,boat/2008_007953.jpg
201,bottle/2008_000112.jpg
202,bottle/2008_000202.jpg
203,bottle/2008_000272.jpg
204,bottle/2008_000495.jpg
205,bottle/2008_000691.jpg
206,bottle/2008_000795.jpg
207,bottle/2008_000911.jpg
208,bottle/2008_001333.jpg
209,bottle/2008_001444.jpg
210,bottle/2008_001486.jpg
211,bottle/2008_001910.jpg
212,bottle/2008_002467.jpg
213,bottle/2008_002864.jpg
214,bottle/2008_002870.jpg
215,bottle/2008_003182.jpg
216,bottle/2008_003290.jpg
217,bottle/2008_004090.jpg
218,bottle/2008_004487.jpg
219,bottle/2008_004581.jpg
220,bottle/2008_004659.jpg
221,bottle/2008_004795.jpg
222,bottle/2008_004979.jpg
223,bottle/2008_004991.jpg
224,bottle/2008_005023.jpg
225,bottle/2008_005140.jpg
226,bottle/2008_005347.jpg
227,bottle/2008_005549.jpg
228,bottle/2008_005560.jpg
229,bottle/2008_005752.jpg
230,bottle/2008_005812.jpg
231,bottle/2008_005939.jpg
232,bottle/2008_005945.jpg
233,bottle/2008_006004.jpg
234,bottle/2008_006024.jpg
235,bottle/2008_006072.jpg
236,bottle/2008_006102.jpg
237,bottle/2008_006182.jpg
238,bottle/2008_006282.jpg
239,bottle/2008_006331.jpg
240,bottle/2008_006890.jpg
241,bottle/2008_006992.jpg
242,bottle/2008_007076.jpg
243,bottle/2008_007147.jpg
244,bottle/2008_007168.jpg
245,bottle/2008_007286.jpg
246,bottle/2008_007394.jpg
247,bottle/2008_007737.jpg
248,bottle/2008_007986.jpg
249,bottle/2008_008072.jpg
250,bottle/2008_008526.jpg
251,bus/2008_000032.jpg
252,bus/2008_000075.jpg
253,bus/2008_000132.jpg
254,bus/2008_001820.jpg
255,bus/2008_001842.jpg
256,bus/2008_002179.jpg
257,bus/2008_002412.jpg
258,bus/2008_002451.jpg
259,bus/2008_003060.jpg
260,bus/2008_003067.jpg
261,bus/2008_003321.jpg
262,bus/2008_003373.jpg
263,bus/2008_003489.jpg
264,bus/2008_003673.jpg
265,bus/2008_003691.jpg
266,bus/2008_003924.jpg
267,bus/2008_004613.jpg
268,bus/2008_004614.jpg
269,bus/2008_004679.jpg
270,bus/2008_004844.jpg
271,bus/2008_004968.jpg
272,bus/2008_005074.jpg
273,bus/2008_005196.jpg
274,bus/2008_005277.jpg
275,bus/2008_005360.jpg
276,bus/2008_005676.jpg
277,bus/2008_005761.jpg
278,bus/2008_005891.jpg
279,bus/2008_005933.jpg
280,bus/2008_005984.jpg
281,bus/2008_006483.jpg
282,bus/2008_006635.jpg
283,bus/2008_006748.jpg
284,bus/2008_007133.jpg
285,bus/2008_007254.jpg
286,bus/2008_007352.jpg
287,bus/2008_007356.jpg
288,bus/2008_007375.jpg
289,bus/2008_007969.jpg
290,bus/2008_007997.jpg
291,bus/2008_008043.jpg
292,bus/2008_008066.jpg
293,bus/2008_008113.jpg
294,bus/2008_008252.jpg
295,bus/2008_008343.jpg
296,bus/2008_008549.jpg
297,bus/2008_008674.jpg
298,bus/2008_008679.jpg
299,bus/2008_008719.jpg
300,bus/2008_008748.jpg
301,car/2008_000085.jpg
302,car/2008_000163.jpg
303,car/2008_000203.jpg
304,car/2008_000252.jpg
305,car/2008_000346.jpg
306,car/2008_000457.jpg
307,car/2008_000953.jpg
308,car/2008_000982.jpg
309,car/2008_001062.jpg
310,car/2008_001208.jpg
311,car/2008_001274.jpg
312,car/2008_001632.jpg
313,car/2008_001830.jpg
314,car/2008_001941.jpg
315,car/2008_002202.jpg
316,car/2008_002368.jpg
317,car/2008_002672.jpg
318,car/2008_003061.jpg
319,car/2008_003329.jpg
320,car/2008_003378.jpg
321,car/2008_003415.jpg
322,car/2008_003775.jpg
323,car/2008_003986.jpg
324,car/2008_004020.jpg
325,car/2008_004080.jpg
326,car/2008_004100.jpg
327,car/2008_004559.jpg
328,car/2008_004850.jpg
329,car/2008_004858.jpg
330,car/2008_004862.jpg
331,car/2008_005234.jpg
332,car/2008_005641.jpg
333,car/2008_005747.jpg
334,car/2008_005960.jpg
335,car/2008_006037.jpg
336,car/2008_006087.jpg
337,car/2008_006220.jpg
338,car/2008_006336.jpg
339,car/2008_006438.jpg
340,car/2008_006649.jpg
341,car/2008_006762.jpg
342,car/2008_006827.jpg
343,car/2008_006936.jpg
344,car/2008_007119.jpg
345,car/2008_007323.jpg
346,car/2008_007346.jpg
347,car/2008_007488.jpg
348,car/2008_007757.jpg
349,car/2008_007804.jpg
350,car/2008_008338.jpg
351,cat/2008_000116.jpg
352,cat/2008_000182.jpg
353,cat/2008_000227.jpg
354,cat/2008_000345.jpg
355,cat/2008_000670.jpg
356,cat/2008_001290.jpg
357,cat/2008_001335.jpg
358,cat/2008_001592.jpg
359,cat/2008_001836.jpg
360,cat/2008_001885.jpg
361,cat/2008_002067.jpg
362,cat/2008_002201.jpg
363,cat/2008_002294.jpg
364,cat/2008_002329.jpg
365,cat/2008_002410.jpg
366,cat/2008_002749.jpg
367,cat/2008_002845.jpg
368,cat/2008_003063.jpg
369,cat/2008_003244.jpg
370,cat/2008_003607.jpg
371,cat/2008_003622.jpg
372,cat/2008_003772.jpg
373,cat/2008_004303.jpg
374,cat/2008_004328.jpg
375,cat/2008_004347.jpg
376,cat/2008_004635.jpg
377,cat/2008_004873.jpg
378,cat/2008_004990.jpg
379,cat/2008_005003.jpg
380,cat/2008_005181.jpg
381,cat/2008_005252.jpg
382,cat/2008_005386.jpg
383,cat/2008_005449.jpg
384,cat/2008_005469.jpg
385,cat/2008_005614.jpg
386,cat/2008_005857.jpg
387,cat/2008_006081.jpg
388,cat/2008_006194.jpg
389,cat/2008_006384.jpg
390,cat/2008_006403.jpg
391,cat/2008_006956.jpg
392,cat/2008_006999.jpg
393,cat/2008_007039.jpg
394,cat/2008_007176.jpg
395,cat/2008_007324.jpg
396,cat/2008_007363.jpg
397,cat/2008_007496.jpg
398,cat/2008_007589.jpg
399,cat/2008_007855.jpg
400,cat/2008_007888.jpg
401,chair/2008_000904.jpg
402,chair/2008_000976.jpg
403,chair/2008_001073.jpg
404,chair/2008_001320.jpg
405,chair/2008_001338.jpg
406,chair/2008_001467.jpg
407,chair/2008_001563.jpg
408,chair/2008_001737.jpg
409,chair/2008_001841.jpg
410,chair/2008_001928.jpg
411,chair/2008_002071.jpg
412,chair/2008_002442.jpg
413,chair/2008_002481.jpg
414,chair/2008_002508.jpg
415,chair/2008_002521.jpg
416,chair/2008_002613.jpg
417,chair/2008_002674.jpg
418,chair/2008_002758.jpg
419,chair/2008_003073.jpg
420,chair/2008_003146.jpg
421,chair/2008_003178.jpg
422,chair/2008_003245.jpg
423,chair/2008_003264.jpg
424,chair/2008_003472.jpg
425,chair/2008_003504.jpg
426,chair/2008_003726.jpg
427,chair/2008_003796.jpg
428,chair/2008_003821.jpg
429,chair/2008_003998.jpg
430,chair/2008_004122.jpg
431,chair/2008_004445.jpg
432,chair/2008_004457.jpg
433,chair/2008_004985.jpg
434,chair/2008_005414.jpg
435,chair/2008_005616.jpg
436,chair/2008_006076.jpg
437,chair/2008_006691.jpg
438,chair/2008_006841.jpg
439,chair/2008_007166.jpg
440,chair/2008_007361.jpg
441,chair/2008_007378.jpg
442,chair/2008_007415.jpg
443,chair/2008_007691.jpg
444,chair/2008_007742.jpg
445,chair/2008_007922.jpg
446,chair/2008_007941.jpg
447,chair/2008_007949.jpg
448,chair/2008_008470.jpg
449,chair/2008_008589.jpg
450,chair/2008_008593.jpg
451,cow/2008_000335.jpg
452,cow/2008_000711.jpg
453,cow/2008_000876.jpg
454,cow/2008_000905.jpg
455,cow/2008_000919.jpg
456,cow/2008_000964.jpg
457,cow/2008_001359.jpg
458,cow/2008_002270.jpg
459,cow/2008_002278.jpg
460,cow/2008_002686.jpg
461,cow/2008_002709.jpg
462,cow/2008_003094.jpg
463,cow/2008_003297.jpg
464,cow/2008_004450.jpg
465,cow/2008_004701.jpg
466,cow/2008_004841.jpg
467,cow/2008_005010.jpg
468,cow/2008_005097.jpg
469,cow/2008_005105.jpg
470,cow/2008_005375.jpg
471,cow/2008_005714.jpg
472,cow/2008_006210.jpg
473,cow/2008_006290.jpg
474,cow/2008_006355.jpg
475,cow/2008_006496.jpg
476,cow/2008_006547.jpg
477,cow/2008_006904.jpg
478,cow/2008_007009.jpg
479,cow/2008_007025.jpg
480,cow/2008_007026.jpg
481,cow/2008_007031.jpg
482,cow/2008_007398.jpg
483,cow/2008_007544.jpg
484,cow/2008_007596.jpg
485,cow/2008_007729.jpg
486,cow/2008_008115.jpg
487,cow/2008_008121.jpg
488,cow/2008_008132.jpg
489,cow/2008_008169.jpg
490,cow/2008_008199.jpg
491,cow/2008_008241.jpg
492,cow/2008_008370.jpg
493,cow/2008_008428.jpg
494,cow/2008_008482.jpg
495,cow/2008_008521.jpg
496,cow/2008_008541.jpg
497,cow/2008_008617.jpg
498,cow/2008_008635.jpg
499,cow/2008_008654.jpg
500,cow/2008_008685.jpg
501,diningtable/2008_000043.jpg
502,diningtable/2008_000418.jpg
503,diningtable/2008_000817.jpg
504,diningtable/2008_000885.jpg
505,diningtable/2008_001077.jpg
506,diningtable/2008_001083.jpg
507,diningtable/2008_001155.jpg
508,diningtable/2008_001230.jpg
509,diningtable/2008_001451.jpg
510,diningtable/2008_001723.jpg
511,diningtable/2008_001758.jpg
512,diningtable/2008_001809.jpg
513,diningtable/2008_002079.jpg
514,diningtable/2008_002362.jpg
515,diningtable/2008_002384.jpg
516,diningtable/2008_002567.jpg
517,diningtable/2008_002892.jpg
518,diningtable/2008_003224.jpg
519,diningtable/2008_003477.jpg
520,diningtable/2008_003534.jpg
521,diningtable/2008_003753.jpg
522,diningtable/2008_003881.jpg
523,diningtable/2008_004216.jpg
524,diningtable/2008_004289.jpg
525,diningtable/2008_004293.jpg
526,diningtable/2008_004321.jpg
527,diningtable/2008_004564.jpg
528,diningtable/2008_004588.jpg
529,diningtable/2008_004776.jpg
530,diningtable/2008_004851.jpg
531,diningtable/2008_004948.jpg
532,diningtable/2008_005081.jpg
533,diningtable/2008_005348.jpg
534,diningtable/2008_005570.jpg
535,diningtable/2008_005975.jpg
536,diningtable/2008_006008.jpg
537,diningtable/2008_006192.jpg
538,diningtable/2008_006750.jpg
539,diningtable/2008_006969.jpg
540,diningtable/2008_007048.jpg
541,diningtable/2008_007097.jpg
542,diningtable/2008_007291.jpg
543,diningtable/2008_007402.jpg
544,diningtable/2008_007692.jpg
545,diningtable/2008_008098.jpg
546,diningtable/2008_008266.jpg
547,diningtable/2008_008362.jpg
548,diningtable/2008_008363.jpg
549,diningtable/2008_008365.jpg
550,diningtable/2008_008388.jpg
551,dog/2008_000053.jpg
552,dog/2008_000138.jpg
553,dog/2008_000270.jpg
554,dog/2008_000620.jpg
555,dog/2008_000641.jpg
556,dog/2008_000706.jpg
557,dog/2008_000808.jpg
558,dog/2008_000897.jpg
559,dog/2008_001070.jpg
560,dog/2008_001220.jpg
561,dog/2008_001285.jpg
562,dog/2008_001479.jpg
563,dog/2008_001676.jpg
564,dog/2008_001895.jpg
565,dog/2008_002395.jpg
566,dog/2008_002441.jpg
567,dog/2008_002536.jpg
568,dog/2008_002859.jpg
569,dog/2008_003133.jpg
570,dog/2008_003576.jpg
571,dog/2008_003852.jpg
572,dog/2008_004044.jpg
573,dog/2008_004498.jpg
574,dog/2008_004528.jpg
575,dog/2008_004653.jpg
576,dog/2008_004745.jpg
577,dog/2008_004760.jpg
578,dog/2008_004833.jpg
579,dog/2008_004931.jpg
580,dog/2008_004950.jpg
581,dog/2008_005046.jpg
582,dog/2008_005065.jpg
583,dog/2008_005160.jpg
584,dog/2008_005240.jpg
585,dog/2008_005563.jpg
586,dog/2008_005798.jpg
587,dog/2008_005823.jpg
588,dog/2008_005831.jpg
589,dog/2008_005882.jpg
590,dog/2008_005890.jpg
591,dog/2008_006130.jpg
592,dog/2008_006356.jpg
593,dog/2008_006511.jpg
594,dog/2008_006602.jpg
595,dog/2008_007478.jpg
596,dog/2008_007519.jpg
597,dog/2008_007537.jpg
598,dog/2008_007567.jpg
599,dog/2008_007694.jpg
600,dog/2008_007871.jpg
601,horse/2008_000219.jpg
602,horse/2008_000912.jpg
603,horse/2008_001031.jpg
604,horse/2008_001235.jpg
605,horse/2008_001682.jpg
606,horse/2008_002338.jpg
607,horse/2008_002459.jpg
608,horse/2008_002666.jpg
609,horse/2008_002697.jpg
610,horse/2008_003283.jpg
611,horse/2008_003447.jpg
612,horse/2008_003461.jpg
613,horse/2008_003805.jpg
614,horse/2008_004166.jpg
615,horse/2008_004175.jpg
616,horse/2008_004470.jpg
617,horse/2008_004539.jpg
618,horse/2008_004764.jpg
619,horse/2008_004868.jpg
620,horse/2008_004911.jpg
621,horse/2008_005168.jpg
622,horse/2008_005498.jpg
623,horse/2008_005642.jpg
624,horse/2008_006096.jpg
625,horse/2008_006397.jpg
626,horse/2008_006429.jpg
627,horse/2008_006434.jpg
628,horse/2008_006912.jpg
629,horse/2008_006991.jpg
630,horse/2008_007004.jpg
631,horse/2008_007319.jpg
632,horse/2008_007524.jpg
633,horse/2008_007576.jpg
634,horse/2008_007588.jpg
635,horse/2008_007612.jpg
636,horse/2008_007625.jpg
637,horse/2008_007816.jpg
638,horse/2008_008012.jpg
639,horse/2008_008034.jpg
640,horse/2008_008040.jpg
641,horse/2008_008052.jpg
642,horse/2008_008075.jpg
643,horse/2008_008232.jpg
644,horse/2008_008262.jpg
645,horse/2008_008296.jpg
646,horse/2008_008318.jpg
647,horse/2008_008393.jpg
648,horse/2008_008431.jpg
649,horse/2008_008453.jpg
650,horse/2008_008487.jpg
651,motorbike/2008_000109.jpg
652,motorbike/2008_000144.jpg
653,motorbike/2008_000237.jpg
654,motorbike/2008_000328.jpg
655,motorbike/2008_000393.jpg
656,motorbike/2008_001203.jpg
657,motorbike/2008_001586.jpg
658,motorbike/2008_001691.jpg
659,motorbike/2008_002752.jpg
660,motorbike/2008_002804.jpg
661,motorbike/2008_002926.jpg
662,motorbike/2008_002948.jpg
663,motorbike/2008_002972.jpg
664,motorbike/2008_003320.jpg
665,motorbike/2008_003892.jpg
666,motorbike/2008_003939.jpg
667,motorbike/2008_004084.jpg
668,motorbike/2008_004615.jpg
669,motorbike/2008_005139.jpg
670,motorbike/2008_005213.jpg
671,motorbike/2008_005427.jpg
672,motorbike/2008_005429.jpg
673,motorbike/2008_005902.jpg
674,motorbike/2008_006345.jpg
675,motorbike/2008_006441.jpg
676,motorbike/2008_006458.jpg
677,motorbike/2008_006517.jpg
678,motorbike/2008_006526.jpg
679,motorbike/2008_006857.jpg
680,motorbike/2008_006944.jpg
681,motorbike/2008_007054.jpg
682,motorbike/2008_007138.jpg
683,motorbike/2008_007184.jpg
684,motorbike/2008_007241.jpg
685,motorbike/2008_007313.jpg
686,motorbike/2008_007344.jpg
687,motorbike/2008_007348.jpg
688,motorbike/2008_007459.jpg
689,motorbike/2008_007485.jpg
690,motorbike/2008_007739.jpg
691,motorbike/2008_007746.jpg
692,motorbike/2008_007955.jpg
693,motorbike/2008_008154.jpg
694,motorbike/2008_008177.jpg
695,motorbike/2008_008227.jpg
696,motorbike/2008_008246.jpg
697,motorbike/2008_008391.jpg
698,motorbike/2008_008450.jpg
699,motorbike/2008_008525.jpg
700,motorbike/2008_008552.jpg
701,person/2008_000376.jpg
702,person/2008_000413.jpg
703,person/2008_000422.jpg
704,person/2008_000448.jpg
705,person/2008_000547.jpg
706,person/2008_000748.jpg
707,person/2008_000806.jpg
708,person/2008_000825.jpg
709,person/2008_000834.jpg
710,person/2008_000917.jpg
711,person/2008_000987.jpg
712,person/2008_001035.jpg
713,person/2008_001074.jpg
714,person/2008_001249.jpg
715,person/2008_001301.jpg
716,person/2008_001318.jpg
717,person/2008_001349.jpg
718,person/2008_001501.jpg
719,person/2008_001837.jpg
720,person/2008_001932.jpg
721,person/2008_002283.jpg
722,person/2008_002576.jpg
723,person/2008_002931.jpg
724,person/2008_002988.jpg
725,person/2008_003342.jpg
726,person/2008_003418.jpg
727,person/2008_003442.jpg
728,person/2008_003533.jpg
729,person/2008_004002.jpg
730,person/2008_004123.jpg
731,person/2008_004130.jpg
732,person/2008_004176.jpg
733,person/2008_004307.jpg
734,person/2008_004330.jpg
735,person/2008_004387.jpg
736,person/2008_004426.jpg
737,person/2008_004740.jpg
738,person/2008_005107.jpg
739,person/2008_005412.jpg
740,person/2008_005758.jpg
741,person/2008_006181.jpg
742,person/2008_006554.jpg
743,person/2008_006708.jpg
744,person/2008_006732.jpg
745,person/2008_007277.jpg
746,person/2008_007476.jpg
747,person/2008_007584.jpg
748,person/2008_007923.jpg
749,person/2008_008275.jpg
750,person/2008_008440.jpg
751,pottedplant/2008_000196.jpg
752,pottedplant/2008_000275.jpg
753,pottedplant/2008_000491.jpg
754,pottedplant/2008_000564.jpg
755,pottedplant/2008_000960.jpg
756,pottedplant/2008_001078.jpg
757,pottedplant/2008_001460.jpg
758,pottedplant/2008_001541.jpg
759,pottedplant/2008_001784.jpg
760,pottedplant/2008_001862.jpg
761,pottedplant/2008_001966.jpg
762,pottedplant/2008_002026.jpg
763,pottedplant/2008_002653.jpg
764,pottedplant/2008_002882.jpg
765,pottedplant/2008_002897.jpg
766,pottedplant/2008_003144.jpg
767,pottedplant/2008_003665.jpg
768,pottedplant/2008_003689.jpg
769,pottedplant/2008_004171.jpg
770,pottedplant/2008_004380.jpg
771,pottedplant/2008_004619.jpg
772,pottedplant/2008_004634.jpg
773,pottedplant/2008_005111.jpg
774,pottedplant/2008_005214.jpg
775,pottedplant/2008_005680.jpg
776,pottedplant/2008_005874.jpg
777,pottedplant/2008_005914.jpg
778,pottedplant/2008_005954.jpg
779,pottedplant/2008_006068.jpg
780,pottedplant/2008_006112.jpg
781,pottedplant/2008_006337.jpg
782,pottedplant/2008_006611.jpg
783,pottedplant/2008_006807.jpg
784,pottedplant/2008_007042.jpg
785,pottedplant/2008_007226.jpg
786,pottedplant/2008_007281.jpg
787,pottedplant/2008_007390.jpg
788,pottedplant/2008_007461.jpg
789,pottedplant/2008_007525.jpg
790,pottedplant/2008_007621.jpg
791,pottedplant/2008_007823.jpg
792,pottedplant/2008_007831.jpg
793,pottedplant/2008_007882.jpg
794,pottedplant/2008_007990.jpg
795,pottedplant/2008_008024.jpg
796,pottedplant/2008_008237.jpg
797,pottedplant/2008_008330.jpg
798,pottedplant/2008_008341.jpg
799,pottedplant/2008_008402.jpg
800,pottedplant/2008_008641.jpg
801,sheep/2008_000084.jpg
802,sheep/2008_000099.jpg
803,sheep/2008_000257.jpg
804,sheep/2008_000915.jpg
805,sheep/2008_001601.jpg
806,sheep/2008_002150.jpg
807,sheep/2008_002343.jpg
808,sheep/2008_002430.jpg
809,sheep/2008_003147.jpg
810,sheep/2008_004007.jpg
811,sheep/2008_004292.jpg
812,sheep/2008_004453.jpg
813,sheep/2008_004621.jpg
814,sheep/2008_004629.jpg
815,sheep/2008_004854.jpg
816,sheep/2008_005447.jpg
817,sheep/2008_005494.jpg
818,sheep/2008_005505.jpg
819,sheep/2008_005635.jpg
820,sheep/2008_005736.jpg
821,sheep/2008_005938.jpg
822,sheep/2008_006059.jpg
823,sheep/2008_006070.jpg
824,sheep/2008_006100.jpg
825,sheep/2008_006327.jpg
826,sheep/2008_006477.jpg
827,sheep/2008_006835.jpg
828,sheep/2008_006892.jpg
829,sheep/2008_006939.jpg
830,sheep/2008_007069.jpg
831,sheep/2008_007070.jpg
832,sheep/2008_007245.jpg
833,sheep/2008_007430.jpg
834,sheep/2008_007497.jpg
835,sheep/2008_007677.jpg
836,sheep/2008_007693.jpg
837,sheep/2008_007806.jpg
838,sheep/2008_007814.jpg
839,sheep/2008_007909.jpg
840,sheep/2008_007985.jpg
841,sheep/2008_008109.jpg
842,sheep/2008_008319.jpg
843,sheep/2008_008322.jpg
844,sheep/2008_008601.jpg
845,sheep/2008_008613.jpg
846,sheep/2008_008623.jpg
847,sheep/2008_008666.jpg
848,sheep/2008_008668.jpg
849,sheep/2008_008714.jpg
850,sheep/2008_008744.jpg
851,sofa/2008_000128.jpg
852,sofa/2008_000421.jpg
853,sofa/2008_000465.jpg
854,sofa/2008_000493.jpg
855,sofa/2008_000541.jpg
856,sofa/2008_000636.jpg
857,sofa/2008_000648.jpg
858,sofa/2008_000704.jpg
859,sofa/2008_000857.jpg
860,sofa/2008_001660.jpg
861,sofa/2008_001781.jpg
862,sofa/2008_001869.jpg
863,sofa/2008_002119.jpg
864,sofa/2008_002776.jpg
865,sofa/2008_002903.jpg
866,sofa/2008_002922.jpg
867,sofa/2008_002929.jpg
868,sofa/2008_003271.jpg
869,sofa/2008_003393.jpg
870,sofa/2008_003709.jpg
871,sofa/2008_003814.jpg
872,sofa/2008_004416.jpg
873,sofa/2008_004497.jpg
874,sofa/2008_004632.jpg
875,sofa/2008_004670.jpg
876,sofa/2008_004881.jpg
877,sofa/2008_004938.jpg
878,sofa/2008_005090.jpg
879,sofa/2008_005926.jpg
880,sofa/2008_006038.jpg
881,sofa/2008_006436.jpg
882,sofa/2008_006616.jpg
883,sofa/2008_007021.jpg
884,sofa/2008_007043.jpg
885,sofa/2008_007050.jpg
886,sofa/2008_007169.jpg
887,sofa/2008_007837.jpg
888,sofa/2008_008103.jpg
889,sofa/2008_008106.jpg
890,sofa/2008_008162.jpg
891,sofa/2008_008271.jpg
892,sofa/2008_008313.jpg
893,sofa/2008_008517.jpg
894,sofa/2008_008538.jpg
895,sofa/2008_008567.jpg
896,sofa/2008_008608.jpg
897,sofa/2008_008622.jpg
898,sofa/2008_008628.jpg
899,sofa/2008_008642.jpg
900,sofa/2008_008649.jpg
901,train/2008_000343.jpg
902,train/2008_000916.jpg
903,train/2008_001164.jpg
904,train/2008_001625.jpg
905,train/2008_001850.jpg
906,train/2008_001866.jpg
907,train/2008_001926.jpg
908,train/2008_002158.jpg
909,train/2008_002222.jpg
910,train/2008_002325.jpg
911,train/2008_002452.jpg
912,train/2008_002900.jpg
913,train/2008_003068.jpg
914,train/2008_003826.jpg
915,train/2008_003992.jpg
916,train/2008_004214.jpg
917,train/2008_004367.jpg
918,train/2008_004610.jpg
919,train/2008_004914.jpg
920,train/2008_005282.jpg
921,train/2008_005968.jpg
922,train/2008_006010.jpg
923,train/2008_006158.jpg
924,train/2008_006553.jpg
925,train/2008_006655.jpg
926,train/2008_006818.jpg
927,train/2008_007011.jpg
928,train/2008_007201.jpg
929,train/2008_007231.jpg
930,train/2008_007247.jpg
931,train/2008_007280.jpg
932,train/2008_007521.jpg
933,train/2008_007759.jpg
934,train/2008_007779.jpg
935,train/2008_008001.jpg
936,train/2008_008020.jpg
937,train/2008_008123.jpg
938,train/2008_008152.jpg
939,train/2008_008200.jpg
940,train/2008_008203.jpg
941,train/2008_008223.jpg
942,train/2008_008321.jpg
943,train/2008_008527.jpg
944,train/2008_008545.jpg
945,train/2008_008583.jpg
946,train/2008_008618.jpg
947,train/2008_008632.jpg
948,train/2008_008662.jpg
949,train/2008_008739.jpg
950,train/2008_008751.jpg
951,tvmonitor/2008_000305.jpg
952,tvmonitor/2008_001021.jpg
953,tvmonitor/2008_001461.jpg
954,tvmonitor/2008_001641.jpg
955,tvmonitor/2008_001688.jpg
956,tvmonitor/2008_001704.jpg
957,tvmonitor/2008_001772.jpg
958,tvmonitor/2008_001920.jpg
959,tvmonitor/2008_002066.jpg
960,tvmonitor/2008_002328.jpg
961,tvmonitor/2008_002547.jpg
962,tvmonitor/2008_002817.jpg
963,tvmonitor/2008_003037.jpg
964,tvmonitor/2008_003466.jpg
965,tvmonitor/2008_003609.jpg
966,tvmonitor/2008_003995.jpg
967,tvmonitor/2008_004004.jpg
968,tvmonitor/2008_004008.jpg
969,tvmonitor/2008_004097.jpg
970,tvmonitor/2008_004301.jpg
971,tvmonitor/2008_004501.jpg
972,tvmonitor/2008_004506.jpg
973,tvmonitor/2008_004550.jpg
974,tvmonitor/2008_004665.jpg
975,tvmonitor/2008_004908.jpg
976,tvmonitor/2008_004910.jpg
977,tvmonitor/2008_004930.jpg
978,tvmonitor/2008_005008.jpg
979,tvmonitor/2008_005094.jpg
980,tvmonitor/2008_005231.jpg
981,tvmonitor/2008_005254.jpg
982,tvmonitor/2008_005329.jpg
983,tvmonitor/2008_005625.jpg
984,tvmonitor/2008_005639.jpg
985,tvmonitor/2008_005660.jpg
986,tvmonitor/2008_005817.jpg
987,tvmonitor/2008_006136.jpg
988,tvmonitor/2008_006159.jpg
989,tvmonitor/2008_006624.jpg
990,tvmonitor/2008_006887.jpg
991,tvmonitor/2008_006948.jpg
992,tvmonitor/2008_007196.jpg
993,tvmonitor/2008_007282.jpg
994,tvmonitor/2008_007332.jpg
995,tvmonitor/2008_007446.jpg
996,tvmonitor/2008_007916.jpg
997,tvmonitor/2008_007987.jpg
998,tvmonitor/2008_008269.jpg
999,tvmonitor/2008_008439.jpg
1000,tvmonitor/2008_008524.jpg
