,index,image,text,label
409,409,chair/2008_001928.jpg,chair/2008_001928txt,9
363,363,cat/2008_002329.jpg,cat/2008_002329txt,8
104,104,bird/2008_002399.jpg,bird/2008_002399txt,3
476,476,cow/2008_006904.jpg,cow/2008_006904txt,10
120,120,bird/2008_004805.jpg,bird/2008_004805txt,3
477,477,cow/2008_007009.jpg,cow/2008_007009txt,10
300,300,car/2008_000085.jpg,car/2008_000085txt,7
9,9,aeroplane/2008_002454.jpg,aeroplane/2008_002454txt,1
649,649,horse/2008_008487.jpg,horse/2008_008487txt,13
30,30,aeroplane/2008_006933.jpg,aeroplane/2008_006933txt,1
249,249,bottle/2008_008526.jpg,bottle/2008_008526txt,5
126,126,bird/2008_005774.jpg,bird/2008_005774txt,3
584,584,dog/2008_005563.jpg,dog/2008_005563txt,12
674,674,motorbike/2008_006441.jpg,motorbike/2008_006441txt,14
444,444,chair/2008_007922.jpg,chair/2008_007922txt,9
268,268,bus/2008_004679.jpg,bus/2008_004679txt,6
753,753,pottedplant/2008_000564.jpg,pottedplant/2008_000564txt,16
994,994,tvmonitor/2008_007446.jpg,tvmonitor/2008_007446txt,20
844,844,sheep/2008_008613.jpg,sheep/2008_008613txt,17
836,836,sheep/2008_007806.jpg,sheep/2008_007806txt,17
430,430,chair/2008_004445.jpg,chair/2008_004445txt,9
808,808,sheep/2008_003147.jpg,sheep/2008_003147txt,17
654,654,motorbike/2008_000393.jpg,motorbike/2008_000393txt,14
651,651,motorbike/2008_000144.jpg,motorbike/2008_000144txt,14
87,87,bicycle/2008_008097.jpg,bicycle/2008_008097txt,2
342,342,car/2008_006936.jpg,car/2008_006936txt,7
64,64,bicycle/2008_004113.jpg,bicycle/2008_004113txt,2
694,694,motorbike/2008_008227.jpg,motorbike/2008_008227txt,14
406,406,chair/2008_001563.jpg,chair/2008_001563txt,9
842,842,sheep/2008_008322.jpg,sheep/2008_008322txt,17
627,627,horse/2008_006912.jpg,horse/2008_006912txt,13
929,929,train/2008_007247.jpg,train/2008_007247txt,19
387,387,cat/2008_006194.jpg,cat/2008_006194txt,8
392,392,cat/2008_007039.jpg,cat/2008_007039txt,8
142,142,bird/2008_008185.jpg,bird/2008_008185txt,3
668,668,motorbike/2008_005139.jpg,motorbike/2008_005139txt,14
683,683,motorbike/2008_007241.jpg,motorbike/2008_007241txt,14
895,895,sofa/2008_008608.jpg,sofa/2008_008608txt,18
168,168,boat/2008_003951.jpg,boat/2008_003951txt,4
47,47,aeroplane/2008_008471.jpg,aeroplane/2008_008471txt,1
505,505,diningtable/2008_001083.jpg,diningtable/2008_001083txt,11
752,752,pottedplant/2008_000491.jpg,pottedplant/2008_000491txt,16
259,259,bus/2008_003067.jpg,bus/2008_003067txt,6
98,98,bicycle/2008_008753.jpg,bicycle/2008_008753txt,2
532,532,diningtable/2008_005348.jpg,diningtable/2008_005348txt,11
854,854,sofa/2008_000541.jpg,sofa/2008_000541txt,18
421,421,chair/2008_003245.jpg,chair/2008_003245txt,9
228,228,bottle/2008_005752.jpg,bottle/2008_005752txt,5
592,592,dog/2008_006511.jpg,dog/2008_006511txt,12
466,466,cow/2008_005010.jpg,cow/2008_005010txt,10
110,110,bird/2008_003232.jpg,bird/2008_003232txt,3
11,11,aeroplane/2008_003369.jpg,aeroplane/2008_003369txt,1
82,82,bicycle/2008_007421.jpg,bicycle/2008_007421txt,2
746,746,person/2008_007584.jpg,person/2008_007584txt,15
625,625,horse/2008_006429.jpg,horse/2008_006429txt,13
604,604,horse/2008_001682.jpg,horse/2008_001682txt,13
743,743,person/2008_006732.jpg,person/2008_006732txt,15
864,864,sofa/2008_002903.jpg,sofa/2008_002903txt,18
170,170,boat/2008_004014.jpg,boat/2008_004014txt,4
296,296,bus/2008_008674.jpg,bus/2008_008674txt,6
336,336,car/2008_006220.jpg,car/2008_006220txt,7
455,455,cow/2008_000964.jpg,cow/2008_000964txt,10
501,501,diningtable/2008_000418.jpg,diningtable/2008_000418txt,11
474,474,cow/2008_006496.jpg,cow/2008_006496txt,10
767,767,pottedplant/2008_003689.jpg,pottedplant/2008_003689txt,16
947,947,train/2008_008662.jpg,train/2008_008662txt,19
56,56,bicycle/2008_002129.jpg,bicycle/2008_002129txt,2
533,533,diningtable/2008_005570.jpg,diningtable/2008_005570txt,11
786,786,pottedplant/2008_007390.jpg,pottedplant/2008_007390txt,16
819,819,sheep/2008_005736.jpg,sheep/2008_005736txt,17
227,227,bottle/2008_005560.jpg,bottle/2008_005560txt,5
511,511,diningtable/2008_001809.jpg,diningtable/2008_001809txt,11
125,125,bird/2008_005757.jpg,bird/2008_005757txt,3
161,161,boat/2008_002773.jpg,boat/2008_002773txt,4
910,910,train/2008_002452.jpg,train/2008_002452txt,19
605,605,horse/2008_002338.jpg,horse/2008_002338txt,13
438,438,chair/2008_007166.jpg,chair/2008_007166txt,9
814,814,sheep/2008_004854.jpg,sheep/2008_004854txt,17
838,838,sheep/2008_007909.jpg,sheep/2008_007909txt,17
997,997,tvmonitor/2008_008269.jpg,tvmonitor/2008_008269txt,20
809,809,sheep/2008_004007.jpg,sheep/2008_004007txt,17
377,377,cat/2008_004990.jpg,cat/2008_004990txt,8
317,317,car/2008_003061.jpg,car/2008_003061txt,7
636,636,horse/2008_007816.jpg,horse/2008_007816txt,13
724,724,person/2008_003342.jpg,person/2008_003342txt,15
437,437,chair/2008_006841.jpg,chair/2008_006841txt,9
156,156,boat/2008_001202.jpg,boat/2008_001202txt,4
463,463,cow/2008_004450.jpg,cow/2008_004450txt,10
204,204,bottle/2008_000691.jpg,bottle/2008_000691txt,5
488,488,cow/2008_008169.jpg,cow/2008_008169txt,10
539,539,diningtable/2008_007048.jpg,diningtable/2008_007048txt,11
321,321,car/2008_003775.jpg,car/2008_003775txt,7
423,423,chair/2008_003472.jpg,chair/2008_003472txt,9
722,722,person/2008_002931.jpg,person/2008_002931txt,15
272,272,bus/2008_005196.jpg,bus/2008_005196txt,6
267,267,bus/2008_004614.jpg,bus/2008_004614txt,6
16,16,aeroplane/2008_003905.jpg,aeroplane/2008_003905txt,1
939,939,train/2008_008203.jpg,train/2008_008203txt,19
282,282,bus/2008_006748.jpg,bus/2008_006748txt,6
541,541,diningtable/2008_007291.jpg,diningtable/2008_007291txt,11
412,412,chair/2008_002481.jpg,chair/2008_002481txt,9
642,642,horse/2008_008232.jpg,horse/2008_008232txt,13
367,367,cat/2008_003063.jpg,cat/2008_003063txt,8
38,38,aeroplane/2008_008096.jpg,aeroplane/2008_008096txt,1
812,812,sheep/2008_004621.jpg,sheep/2008_004621txt,17
33,33,aeroplane/2008_007504.jpg,aeroplane/2008_007504txt,1
913,913,train/2008_003826.jpg,train/2008_003826txt,19
790,790,pottedplant/2008_007823.jpg,pottedplant/2008_007823txt,16
335,335,car/2008_006087.jpg,car/2008_006087txt,7
80,80,bicycle/2008_007103.jpg,bicycle/2008_007103txt,2
591,591,dog/2008_006356.jpg,dog/2008_006356txt,12
215,215,bottle/2008_003290.jpg,bottle/2008_003290txt,5
633,633,horse/2008_007588.jpg,horse/2008_007588txt,13
417,417,chair/2008_002758.jpg,chair/2008_002758txt,9
917,917,train/2008_004610.jpg,train/2008_004610txt,19
718,718,person/2008_001837.jpg,person/2008_001837txt,15
631,631,horse/2008_007524.jpg,horse/2008_007524txt,13
240,240,bottle/2008_006992.jpg,bottle/2008_006992txt,5
779,779,pottedplant/2008_006112.jpg,pottedplant/2008_006112txt,16
843,843,sheep/2008_008601.jpg,sheep/2008_008601txt,17
602,602,horse/2008_001031.jpg,horse/2008_001031txt,13
870,870,sofa/2008_003814.jpg,sofa/2008_003814txt,18
143,143,bird/2008_008194.jpg,bird/2008_008194txt,3
260,260,bus/2008_003321.jpg,bus/2008_003321txt,6
226,226,bottle/2008_005549.jpg,bottle/2008_005549txt,5
102,102,bird/2008_001673.jpg,bird/2008_001673txt,3
485,485,cow/2008_008115.jpg,cow/2008_008115txt,10
733,733,person/2008_004330.jpg,person/2008_004330txt,15
521,521,diningtable/2008_003881.jpg,diningtable/2008_003881txt,11
787,787,pottedplant/2008_007461.jpg,pottedplant/2008_007461txt,16
579,579,dog/2008_004950.jpg,dog/2008_004950txt,12
839,839,sheep/2008_007985.jpg,sheep/2008_007985txt,17
368,368,cat/2008_003244.jpg,cat/2008_003244txt,8
18,18,aeroplane/2008_004348.jpg,aeroplane/2008_004348txt,1
166,166,boat/2008_003849.jpg,boat/2008_003849txt,4
978,978,tvmonitor/2008_005094.jpg,tvmonitor/2008_005094txt,20
712,712,person/2008_001074.jpg,person/2008_001074txt,15
958,958,tvmonitor/2008_002066.jpg,tvmonitor/2008_002066txt,20
381,381,cat/2008_005386.jpg,cat/2008_005386txt,8
447,447,chair/2008_008470.jpg,chair/2008_008470txt,9
893,893,sofa/2008_008538.jpg,sofa/2008_008538txt,18
547,547,diningtable/2008_008363.jpg,diningtable/2008_008363txt,11
255,255,bus/2008_002179.jpg,bus/2008_002179txt,6
614,614,horse/2008_004175.jpg,horse/2008_004175txt,13
780,780,pottedplant/2008_006337.jpg,pottedplant/2008_006337txt,16
287,287,bus/2008_007375.jpg,bus/2008_007375txt,6
973,973,tvmonitor/2008_004665.jpg,tvmonitor/2008_004665txt,20
803,803,sheep/2008_000915.jpg,sheep/2008_000915txt,17
83,83,bicycle/2008_007470.jpg,bicycle/2008_007470txt,2
427,427,chair/2008_003821.jpg,chair/2008_003821txt,9
467,467,cow/2008_005097.jpg,cow/2008_005097txt,10
971,971,tvmonitor/2008_004506.jpg,tvmonitor/2008_004506txt,20
284,284,bus/2008_007254.jpg,bus/2008_007254txt,6
520,520,diningtable/2008_003753.jpg,diningtable/2008_003753txt,11
806,806,sheep/2008_002343.jpg,sheep/2008_002343txt,17
635,635,horse/2008_007625.jpg,horse/2008_007625txt,13
133,133,bird/2008_007205.jpg,bird/2008_007205txt,3
560,560,dog/2008_001285.jpg,dog/2008_001285txt,12
365,365,cat/2008_002749.jpg,cat/2008_002749txt,8
848,848,sheep/2008_008714.jpg,sheep/2008_008714txt,17
318,318,car/2008_003329.jpg,car/2008_003329txt,7
876,876,sofa/2008_004938.jpg,sofa/2008_004938txt,18
537,537,diningtable/2008_006750.jpg,diningtable/2008_006750txt,11
207,207,bottle/2008_001333.jpg,bottle/2008_001333txt,5
454,454,cow/2008_000919.jpg,cow/2008_000919txt,10
945,945,train/2008_008618.jpg,train/2008_008618txt,19
197,197,boat/2008_007599.jpg,boat/2008_007599txt,4
960,960,tvmonitor/2008_002547.jpg,tvmonitor/2008_002547txt,20
219,219,bottle/2008_004659.jpg,bottle/2008_004659txt,5
396,396,cat/2008_007496.jpg,cat/2008_007496txt,8
58,58,bicycle/2008_002894.jpg,bicycle/2008_002894txt,2
50,50,bicycle/2008_000090.jpg,bicycle/2008_000090txt,2
124,124,bird/2008_005279.jpg,bird/2008_005279txt,3
175,175,boat/2008_005321.jpg,boat/2008_005321txt,4
189,189,boat/2008_006488.jpg,boat/2008_006488txt,4
31,31,aeroplane/2008_007095.jpg,aeroplane/2008_007095txt,1
432,432,chair/2008_004985.jpg,chair/2008_004985txt,9
29,29,aeroplane/2008_006700.jpg,aeroplane/2008_006700txt,1
689,689,motorbike/2008_007739.jpg,motorbike/2008_007739txt,14
577,577,dog/2008_004833.jpg,dog/2008_004833txt,12
725,725,person/2008_003418.jpg,person/2008_003418txt,15
742,742,person/2008_006708.jpg,person/2008_006708txt,15
339,339,car/2008_006649.jpg,car/2008_006649txt,7
129,129,bird/2008_006281.jpg,bird/2008_006281txt,3
894,894,sofa/2008_008567.jpg,sofa/2008_008567txt,18
192,192,boat/2008_006730.jpg,boat/2008_006730txt,4
459,459,cow/2008_002686.jpg,cow/2008_002686txt,10
13,13,aeroplane/2008_003655.jpg,aeroplane/2008_003655txt,1
757,757,pottedplant/2008_001541.jpg,pottedplant/2008_001541txt,16
218,218,bottle/2008_004581.jpg,bottle/2008_004581txt,5
748,748,person/2008_008275.jpg,person/2008_008275txt,15
730,730,person/2008_004130.jpg,person/2008_004130txt,15
388,388,cat/2008_006384.jpg,cat/2008_006384txt,8
851,851,sofa/2008_000421.jpg,sofa/2008_000421txt,18
983,983,tvmonitor/2008_005639.jpg,tvmonitor/2008_005639txt,20
965,965,tvmonitor/2008_003995.jpg,tvmonitor/2008_003995txt,20
413,413,chair/2008_002508.jpg,chair/2008_002508txt,9
159,159,boat/2008_002482.jpg,boat/2008_002482txt,4
247,247,bottle/2008_007986.jpg,bottle/2008_007986txt,5
410,410,chair/2008_002071.jpg,chair/2008_002071txt,9
250,250,bus/2008_000032.jpg,bus/2008_000032txt,6
346,346,car/2008_007488.jpg,car/2008_007488txt,7
823,823,sheep/2008_006100.jpg,sheep/2008_006100txt,17
376,376,cat/2008_004873.jpg,cat/2008_004873txt,8
24,24,aeroplane/2008_006401.jpg,aeroplane/2008_006401txt,1
886,886,sofa/2008_007837.jpg,sofa/2008_007837txt,18
230,230,bottle/2008_005939.jpg,bottle/2008_005939txt,5
135,135,bird/2008_007498.jpg,bird/2008_007498txt,3
99,99,bicycle/2008_008755.jpg,bicycle/2008_008755txt,2
275,275,bus/2008_005676.jpg,bus/2008_005676txt,6
834,834,sheep/2008_007677.jpg,sheep/2008_007677txt,17
116,116,bird/2008_004452.jpg,bird/2008_004452txt,3
568,568,dog/2008_003133.jpg,dog/2008_003133txt,12
203,203,bottle/2008_000495.jpg,bottle/2008_000495txt,5
49,49,aeroplane/2008_008546.jpg,aeroplane/2008_008546txt,1
141,141,bird/2008_008002.jpg,bird/2008_008002txt,3
347,347,car/2008_007757.jpg,car/2008_007757txt,7
60,60,bicycle/2008_003140.jpg,bicycle/2008_003140txt,2
216,216,bottle/2008_004090.jpg,bottle/2008_004090txt,5
185,185,boat/2008_006014.jpg,boat/2008_006014txt,4
578,578,dog/2008_004931.jpg,dog/2008_004931txt,12
383,383,cat/2008_005469.jpg,cat/2008_005469txt,8
200,200,bottle/2008_000112.jpg,bottle/2008_000112txt,5
901,901,train/2008_000916.jpg,train/2008_000916txt,19
293,293,bus/2008_008252.jpg,bus/2008_008252txt,6
764,764,pottedplant/2008_002897.jpg,pottedplant/2008_002897txt,16
543,543,diningtable/2008_007692.jpg,diningtable/2008_007692txt,11
916,916,train/2008_004367.jpg,train/2008_004367txt,19
246,246,bottle/2008_007737.jpg,bottle/2008_007737txt,5
934,934,train/2008_008001.jpg,train/2008_008001txt,19
78,78,bicycle/2008_006467.jpg,bicycle/2008_006467txt,2
800,800,sheep/2008_000084.jpg,sheep/2008_000084txt,17
615,615,horse/2008_004470.jpg,horse/2008_004470txt,13
515,515,diningtable/2008_002567.jpg,diningtable/2008_002567txt,11
919,919,train/2008_005282.jpg,train/2008_005282txt,19
940,940,train/2008_008223.jpg,train/2008_008223txt,19
57,57,bicycle/2008_002679.jpg,bicycle/2008_002679txt,2
422,422,chair/2008_003264.jpg,chair/2008_003264txt,9
548,548,diningtable/2008_008365.jpg,diningtable/2008_008365txt,11
732,732,person/2008_004307.jpg,person/2008_004307txt,15
330,330,car/2008_005234.jpg,car/2008_005234txt,7
146,146,bird/2008_008376.jpg,bird/2008_008376txt,3
62,62,bicycle/2008_003617.jpg,bicycle/2008_003617txt,2
643,643,horse/2008_008262.jpg,horse/2008_008262txt,13
460,460,cow/2008_002709.jpg,cow/2008_002709txt,10
162,162,boat/2008_002850.jpg,boat/2008_002850txt,4
685,685,motorbike/2008_007344.jpg,motorbike/2008_007344txt,14
499,499,cow/2008_008685.jpg,cow/2008_008685txt,10
199,199,boat/2008_007953.jpg,boat/2008_007953txt,4
601,601,horse/2008_000912.jpg,horse/2008_000912txt,13
420,420,chair/2008_003178.jpg,chair/2008_003178txt,9
223,223,bottle/2008_005023.jpg,bottle/2008_005023txt,5
835,835,sheep/2008_007693.jpg,sheep/2008_007693txt,17
149,149,bird/2008_008490.jpg,bird/2008_008490txt,3
659,659,motorbike/2008_002804.jpg,motorbike/2008_002804txt,14
783,783,pottedplant/2008_007042.jpg,pottedplant/2008_007042txt,16
237,237,bottle/2008_006282.jpg,bottle/2008_006282txt,5
105,105,bird/2008_002471.jpg,bird/2008_002471txt,3
582,582,dog/2008_005160.jpg,dog/2008_005160txt,12
2,2,aeroplane/2008_001380.jpg,aeroplane/2008_001380txt,1
801,801,sheep/2008_000099.jpg,sheep/2008_000099txt,17
551,551,dog/2008_000138.jpg,dog/2008_000138txt,12
201,201,bottle/2008_000202.jpg,bottle/2008_000202txt,5
609,609,horse/2008_003283.jpg,horse/2008_003283txt,13
522,522,diningtable/2008_004216.jpg,diningtable/2008_004216txt,11
587,587,dog/2008_005831.jpg,dog/2008_005831txt,12
419,419,chair/2008_003146.jpg,chair/2008_003146txt,9
695,695,motorbike/2008_008246.jpg,motorbike/2008_008246txt,14
719,719,person/2008_001932.jpg,person/2008_001932txt,15
79,79,bicycle/2008_007067.jpg,bicycle/2008_007067txt,2
914,914,train/2008_003992.jpg,train/2008_003992txt,19
495,495,cow/2008_008541.jpg,cow/2008_008541txt,10
211,211,bottle/2008_002467.jpg,bottle/2008_002467txt,5
531,531,diningtable/2008_005081.jpg,diningtable/2008_005081txt,11
887,887,sofa/2008_008103.jpg,sofa/2008_008103txt,18
231,231,bottle/2008_005945.jpg,bottle/2008_005945txt,5
379,379,cat/2008_005181.jpg,cat/2008_005181txt,8
440,440,chair/2008_007378.jpg,chair/2008_007378txt,9
936,936,train/2008_008123.jpg,train/2008_008123txt,19
517,517,diningtable/2008_003224.jpg,diningtable/2008_003224txt,11
963,963,tvmonitor/2008_003466.jpg,tvmonitor/2008_003466txt,20
21,21,aeroplane/2008_005905.jpg,aeroplane/2008_005905txt,1
299,299,bus/2008_008748.jpg,bus/2008_008748txt,6
245,245,bottle/2008_007394.jpg,bottle/2008_007394txt,5
210,210,bottle/2008_001910.jpg,bottle/2008_001910txt,5
558,558,dog/2008_001070.jpg,dog/2008_001070txt,12
637,637,horse/2008_008012.jpg,horse/2008_008012txt,13
97,97,bicycle/2008_008725.jpg,bicycle/2008_008725txt,2
858,858,sofa/2008_000857.jpg,sofa/2008_000857txt,18
860,860,sofa/2008_001781.jpg,sofa/2008_001781txt,18
76,76,bicycle/2008_006234.jpg,bicycle/2008_006234txt,2
660,660,motorbike/2008_002926.jpg,motorbike/2008_002926txt,14
852,852,sofa/2008_000465.jpg,sofa/2008_000465txt,18
702,702,person/2008_000422.jpg,person/2008_000422txt,15
510,510,diningtable/2008_001758.jpg,diningtable/2008_001758txt,11
713,713,person/2008_001249.jpg,person/2008_001249txt,15
63,63,bicycle/2008_003819.jpg,bicycle/2008_003819txt,2
10,10,aeroplane/2008_003275.jpg,aeroplane/2008_003275txt,1
970,970,tvmonitor/2008_004501.jpg,tvmonitor/2008_004501txt,20
924,924,train/2008_006655.jpg,train/2008_006655txt,19
629,629,horse/2008_007004.jpg,horse/2008_007004txt,13
989,989,tvmonitor/2008_006887.jpg,tvmonitor/2008_006887txt,20
193,193,boat/2008_006877.jpg,boat/2008_006877txt,4
682,682,motorbike/2008_007184.jpg,motorbike/2008_007184txt,14
768,768,pottedplant/2008_004171.jpg,pottedplant/2008_004171txt,16
481,481,cow/2008_007398.jpg,cow/2008_007398txt,10
167,167,boat/2008_003858.jpg,boat/2008_003858txt,4
295,295,bus/2008_008549.jpg,bus/2008_008549txt,6
186,186,boat/2008_006163.jpg,boat/2008_006163txt,4
319,319,car/2008_003378.jpg,car/2008_003378txt,7
890,890,sofa/2008_008271.jpg,sofa/2008_008271txt,18
14,14,aeroplane/2008_003703.jpg,aeroplane/2008_003703txt,1
254,254,bus/2008_001842.jpg,bus/2008_001842txt,6
931,931,train/2008_007521.jpg,train/2008_007521txt,19
811,811,sheep/2008_004453.jpg,sheep/2008_004453txt,17
229,229,bottle/2008_005812.jpg,bottle/2008_005812txt,5
661,661,motorbike/2008_002948.jpg,motorbike/2008_002948txt,14
122,122,bird/2008_005186.jpg,bird/2008_005186txt,3
855,855,sofa/2008_000636.jpg,sofa/2008_000636txt,18
288,288,bus/2008_007969.jpg,bus/2008_007969txt,6
923,923,train/2008_006553.jpg,train/2008_006553txt,19
738,738,person/2008_005412.jpg,person/2008_005412txt,15
184,184,boat/2008_005959.jpg,boat/2008_005959txt,4
333,333,car/2008_005960.jpg,car/2008_005960txt,7
312,312,car/2008_001830.jpg,car/2008_001830txt,7
995,995,tvmonitor/2008_007916.jpg,tvmonitor/2008_007916txt,20
479,479,cow/2008_007026.jpg,cow/2008_007026txt,10
880,880,sofa/2008_006436.jpg,sofa/2008_006436txt,18
386,386,cat/2008_006081.jpg,cat/2008_006081txt,8
27,27,aeroplane/2008_006621.jpg,aeroplane/2008_006621txt,1
144,144,bird/2008_008347.jpg,bird/2008_008347txt,3
131,131,bird/2008_006924.jpg,bird/2008_006924txt,3
681,681,motorbike/2008_007138.jpg,motorbike/2008_007138txt,14
340,340,car/2008_006762.jpg,car/2008_006762txt,7
669,669,motorbike/2008_005213.jpg,motorbike/2008_005213txt,14
626,626,horse/2008_006434.jpg,horse/2008_006434txt,13
796,796,pottedplant/2008_008330.jpg,pottedplant/2008_008330txt,16
538,538,diningtable/2008_006969.jpg,diningtable/2008_006969txt,11
59,59,bicycle/2008_003072.jpg,bicycle/2008_003072txt,2
526,526,diningtable/2008_004564.jpg,diningtable/2008_004564txt,11
248,248,bottle/2008_008072.jpg,bottle/2008_008072txt,5
445,445,chair/2008_007941.jpg,chair/2008_007941txt,9
942,942,train/2008_008527.jpg,train/2008_008527txt,19
443,443,chair/2008_007742.jpg,chair/2008_007742txt,9
704,704,person/2008_000547.jpg,person/2008_000547txt,15
593,593,dog/2008_006602.jpg,dog/2008_006602txt,12
6,6,aeroplane/2008_001971.jpg,aeroplane/2008_001971txt,1
134,134,bird/2008_007317.jpg,bird/2008_007317txt,3
825,825,sheep/2008_006477.jpg,sheep/2008_006477txt,17
820,820,sheep/2008_005938.jpg,sheep/2008_005938txt,17
556,556,dog/2008_000808.jpg,dog/2008_000808txt,12
123,123,bird/2008_005208.jpg,bird/2008_005208txt,3
882,882,sofa/2008_007021.jpg,sofa/2008_007021txt,18
758,758,pottedplant/2008_001784.jpg,pottedplant/2008_001784txt,16
138,138,bird/2008_007839.jpg,bird/2008_007839txt,3
650,650,motorbike/2008_000109.jpg,motorbike/2008_000109txt,14
928,928,train/2008_007231.jpg,train/2008_007231txt,19
575,575,dog/2008_004745.jpg,dog/2008_004745txt,12
612,612,horse/2008_003805.jpg,horse/2008_003805txt,13
328,328,car/2008_004858.jpg,car/2008_004858txt,7
225,225,bottle/2008_005347.jpg,bottle/2008_005347txt,5
648,648,horse/2008_008453.jpg,horse/2008_008453txt,13
96,96,bicycle/2008_008718.jpg,bicycle/2008_008718txt,2
391,391,cat/2008_006999.jpg,cat/2008_006999txt,8
416,416,chair/2008_002674.jpg,chair/2008_002674txt,9
252,252,bus/2008_000132.jpg,bus/2008_000132txt,6
157,157,boat/2008_001799.jpg,boat/2008_001799txt,4
869,869,sofa/2008_003709.jpg,sofa/2008_003709txt,18
418,418,chair/2008_003073.jpg,chair/2008_003073txt,9
155,155,boat/2008_001160.jpg,boat/2008_001160txt,4
872,872,sofa/2008_004497.jpg,sofa/2008_004497txt,18
620,620,horse/2008_005168.jpg,horse/2008_005168txt,13
813,813,sheep/2008_004629.jpg,sheep/2008_004629txt,17
25,25,aeroplane/2008_006548.jpg,aeroplane/2008_006548txt,1
646,646,horse/2008_008393.jpg,horse/2008_008393txt,13
244,244,bottle/2008_007286.jpg,bottle/2008_007286txt,5
139,139,bird/2008_007854.jpg,bird/2008_007854txt,3
469,469,cow/2008_005375.jpg,cow/2008_005375txt,10
429,429,chair/2008_004122.jpg,chair/2008_004122txt,9
65,65,bicycle/2008_004363.jpg,bicycle/2008_004363txt,2
833,833,sheep/2008_007497.jpg,sheep/2008_007497txt,17
220,220,bottle/2008_004795.jpg,bottle/2008_004795txt,5
66,66,bicycle/2008_004441.jpg,bicycle/2008_004441txt,2
441,441,chair/2008_007415.jpg,chair/2008_007415txt,9
331,331,car/2008_005641.jpg,car/2008_005641txt,7
279,279,bus/2008_005984.jpg,bus/2008_005984txt,6
382,382,cat/2008_005449.jpg,cat/2008_005449txt,8
667,667,motorbike/2008_004615.jpg,motorbike/2008_004615txt,14
595,595,dog/2008_007519.jpg,dog/2008_007519txt,12
151,151,boat/2008_000405.jpg,boat/2008_000405txt,4
585,585,dog/2008_005798.jpg,dog/2008_005798txt,12
3,3,aeroplane/2008_001448.jpg,aeroplane/2008_001448txt,1
616,616,horse/2008_004539.jpg,horse/2008_004539txt,13
68,68,bicycle/2008_004603.jpg,bicycle/2008_004603txt,2
366,366,cat/2008_002845.jpg,cat/2008_002845txt,8
451,451,cow/2008_000711.jpg,cow/2008_000711txt,10
77,77,bicycle/2008_006254.jpg,bicycle/2008_006254txt,2
729,729,person/2008_004123.jpg,person/2008_004123txt,15
583,583,dog/2008_005240.jpg,dog/2008_005240txt,12
723,723,person/2008_002988.jpg,person/2008_002988txt,15
94,94,bicycle/2008_008671.jpg,bicycle/2008_008671txt,2
954,954,tvmonitor/2008_001688.jpg,tvmonitor/2008_001688txt,20
389,389,cat/2008_006403.jpg,cat/2008_006403txt,8
911,911,train/2008_002900.jpg,train/2008_002900txt,19
84,84,bicycle/2008_007719.jpg,bicycle/2008_007719txt,2
310,310,car/2008_001274.jpg,car/2008_001274txt,7
949,949,train/2008_008751.jpg,train/2008_008751txt,19
202,202,bottle/2008_000272.jpg,bottle/2008_000272txt,5
937,937,train/2008_008152.jpg,train/2008_008152txt,19
53,53,bicycle/2008_001402.jpg,bicycle/2008_001402txt,2
906,906,train/2008_001926.jpg,train/2008_001926txt,19
999,999,tvmonitor/2008_008524.jpg,tvmonitor/2008_008524txt,20
950,950,tvmonitor/2008_000305.jpg,tvmonitor/2008_000305txt,20
885,885,sofa/2008_007169.jpg,sofa/2008_007169txt,18
458,458,cow/2008_002278.jpg,cow/2008_002278txt,10
562,562,dog/2008_001676.jpg,dog/2008_001676txt,12
926,926,train/2008_007011.jpg,train/2008_007011txt,19
734,734,person/2008_004387.jpg,person/2008_004387txt,15
358,358,cat/2008_001836.jpg,cat/2008_001836txt,8
891,891,sofa/2008_008313.jpg,sofa/2008_008313txt,18
770,770,pottedplant/2008_004619.jpg,pottedplant/2008_004619txt,16
411,411,chair/2008_002442.jpg,chair/2008_002442txt,9
907,907,train/2008_002158.jpg,train/2008_002158txt,19
769,769,pottedplant/2008_004380.jpg,pottedplant/2008_004380txt,16
948,948,train/2008_008739.jpg,train/2008_008739txt,19
849,849,sheep/2008_008744.jpg,sheep/2008_008744txt,17
680,680,motorbike/2008_007054.jpg,motorbike/2008_007054txt,14
357,357,cat/2008_001592.jpg,cat/2008_001592txt,8
384,384,cat/2008_005614.jpg,cat/2008_005614txt,8
313,313,car/2008_001941.jpg,car/2008_001941txt,7
152,152,boat/2008_000437.jpg,boat/2008_000437txt,4
470,470,cow/2008_005714.jpg,cow/2008_005714txt,10
408,408,chair/2008_001841.jpg,chair/2008_001841txt,9
45,45,aeroplane/2008_008432.jpg,aeroplane/2008_008432txt,1
39,39,aeroplane/2008_008146.jpg,aeroplane/2008_008146txt,1
106,106,bird/2008_002970.jpg,bird/2008_002970txt,3
502,502,diningtable/2008_000817.jpg,diningtable/2008_000817txt,11
222,222,bottle/2008_004991.jpg,bottle/2008_004991txt,5
772,772,pottedplant/2008_005111.jpg,pottedplant/2008_005111txt,16
795,795,pottedplant/2008_008237.jpg,pottedplant/2008_008237txt,16
52,52,bicycle/2008_001226.jpg,bicycle/2008_001226txt,2
496,496,cow/2008_008617.jpg,cow/2008_008617txt,10
670,670,motorbike/2008_005427.jpg,motorbike/2008_005427txt,14
550,550,dog/2008_000053.jpg,dog/2008_000053txt,12
751,751,pottedplant/2008_000275.jpg,pottedplant/2008_000275txt,16
353,353,cat/2008_000345.jpg,cat/2008_000345txt,8
618,618,horse/2008_004868.jpg,horse/2008_004868txt,13
113,113,bird/2008_003997.jpg,bird/2008_003997txt,3
690,690,motorbike/2008_007746.jpg,motorbike/2008_007746txt,14
912,912,train/2008_003068.jpg,train/2008_003068txt,19
889,889,sofa/2008_008162.jpg,sofa/2008_008162txt,18
75,75,bicycle/2008_006154.jpg,bicycle/2008_006154txt,2
810,810,sheep/2008_004292.jpg,sheep/2008_004292txt,17
172,172,boat/2008_004812.jpg,boat/2008_004812txt,4
107,107,bird/2008_003087.jpg,bird/2008_003087txt,3
205,205,bottle/2008_000795.jpg,bottle/2008_000795txt,5
385,385,cat/2008_005857.jpg,cat/2008_005857txt,8
130,130,bird/2008_006667.jpg,bird/2008_006667txt,3
101,101,bird/2008_001020.jpg,bird/2008_001020txt,3
523,523,diningtable/2008_004289.jpg,diningtable/2008_004289txt,11
557,557,dog/2008_000897.jpg,dog/2008_000897txt,12
552,552,dog/2008_000270.jpg,dog/2008_000270txt,12
946,946,train/2008_008632.jpg,train/2008_008632txt,19
613,613,horse/2008_004166.jpg,horse/2008_004166txt,13
425,425,chair/2008_003726.jpg,chair/2008_003726txt,9
679,679,motorbike/2008_006944.jpg,motorbike/2008_006944txt,14
32,32,aeroplane/2008_007442.jpg,aeroplane/2008_007442txt,1
380,380,cat/2008_005252.jpg,cat/2008_005252txt,8
824,824,sheep/2008_006327.jpg,sheep/2008_006327txt,17
298,298,bus/2008_008719.jpg,bus/2008_008719txt,6
356,356,cat/2008_001335.jpg,cat/2008_001335txt,8
51,51,bicycle/2008_000725.jpg,bicycle/2008_000725txt,2
294,294,bus/2008_008343.jpg,bus/2008_008343txt,6
726,726,person/2008_003442.jpg,person/2008_003442txt,15
163,163,boat/2008_003062.jpg,boat/2008_003062txt,4
326,326,car/2008_004559.jpg,car/2008_004559txt,7
345,345,car/2008_007346.jpg,car/2008_007346txt,7
145,145,bird/2008_008354.jpg,bird/2008_008354txt,3
817,817,sheep/2008_005505.jpg,sheep/2008_005505txt,17
490,490,cow/2008_008241.jpg,cow/2008_008241txt,10
54,54,bicycle/2008_001523.jpg,bicycle/2008_001523txt,2
741,741,person/2008_006554.jpg,person/2008_006554txt,15
959,959,tvmonitor/2008_002328.jpg,tvmonitor/2008_002328txt,20
952,952,tvmonitor/2008_001461.jpg,tvmonitor/2008_001461txt,20
975,975,tvmonitor/2008_004910.jpg,tvmonitor/2008_004910txt,20
290,290,bus/2008_008043.jpg,bus/2008_008043txt,6
506,506,diningtable/2008_001155.jpg,diningtable/2008_001155txt,11
464,464,cow/2008_004701.jpg,cow/2008_004701txt,10
617,617,horse/2008_004764.jpg,horse/2008_004764txt,13
497,497,cow/2008_008635.jpg,cow/2008_008635txt,10
308,308,car/2008_001062.jpg,car/2008_001062txt,7
962,962,tvmonitor/2008_003037.jpg,tvmonitor/2008_003037txt,20
91,91,bicycle/2008_008528.jpg,bicycle/2008_008528txt,2
990,990,tvmonitor/2008_006948.jpg,tvmonitor/2008_006948txt,20
665,665,motorbike/2008_003939.jpg,motorbike/2008_003939txt,14
892,892,sofa/2008_008517.jpg,sofa/2008_008517txt,18
664,664,motorbike/2008_003892.jpg,motorbike/2008_003892txt,14
802,802,sheep/2008_000257.jpg,sheep/2008_000257txt,17
314,314,car/2008_002202.jpg,car/2008_002202txt,7
241,241,bottle/2008_007076.jpg,bottle/2008_007076txt,5
815,815,sheep/2008_005447.jpg,sheep/2008_005447txt,17
987,987,tvmonitor/2008_006159.jpg,tvmonitor/2008_006159txt,20
405,405,chair/2008_001467.jpg,chair/2008_001467txt,9
334,334,car/2008_006037.jpg,car/2008_006037txt,7
266,266,bus/2008_004613.jpg,bus/2008_004613txt,6
286,286,bus/2008_007356.jpg,bus/2008_007356txt,6
784,784,pottedplant/2008_007226.jpg,pottedplant/2008_007226txt,16
265,265,bus/2008_003924.jpg,bus/2008_003924txt,6
859,859,sofa/2008_001660.jpg,sofa/2008_001660txt,18
845,845,sheep/2008_008623.jpg,sheep/2008_008623txt,17
747,747,person/2008_007923.jpg,person/2008_007923txt,15
171,171,boat/2008_004291.jpg,boat/2008_004291txt,4
512,512,diningtable/2008_002079.jpg,diningtable/2008_002079txt,11
761,761,pottedplant/2008_002026.jpg,pottedplant/2008_002026txt,16
324,324,car/2008_004080.jpg,car/2008_004080txt,7
881,881,sofa/2008_006616.jpg,sofa/2008_006616txt,18
90,90,bicycle/2008_008368.jpg,bicycle/2008_008368txt,2
37,37,aeroplane/2008_008048.jpg,aeroplane/2008_008048txt,1
509,509,diningtable/2008_001723.jpg,diningtable/2008_001723txt,11
877,877,sofa/2008_005090.jpg,sofa/2008_005090txt,18
160,160,boat/2008_002504.jpg,boat/2008_002504txt,4
698,698,motorbike/2008_008525.jpg,motorbike/2008_008525txt,14
482,482,cow/2008_007544.jpg,cow/2008_007544txt,10
736,736,person/2008_004740.jpg,person/2008_004740txt,15
710,710,person/2008_000987.jpg,person/2008_000987txt,15
283,283,bus/2008_007133.jpg,bus/2008_007133txt,6
765,765,pottedplant/2008_003144.jpg,pottedplant/2008_003144txt,16
688,688,motorbike/2008_007485.jpg,motorbike/2008_007485txt,14
909,909,train/2008_002325.jpg,train/2008_002325txt,19
749,749,person/2008_008440.jpg,person/2008_008440txt,15
355,355,cat/2008_001290.jpg,cat/2008_001290txt,8
961,961,tvmonitor/2008_002817.jpg,tvmonitor/2008_002817txt,20
832,832,sheep/2008_007430.jpg,sheep/2008_007430txt,17
977,977,tvmonitor/2008_005008.jpg,tvmonitor/2008_005008txt,20
140,140,bird/2008_007948.jpg,bird/2008_007948txt,3
792,792,pottedplant/2008_007882.jpg,pottedplant/2008_007882txt,16
822,822,sheep/2008_006070.jpg,sheep/2008_006070txt,17
953,953,tvmonitor/2008_001641.jpg,tvmonitor/2008_001641txt,20
292,292,bus/2008_008113.jpg,bus/2008_008113txt,6
709,709,person/2008_000917.jpg,person/2008_000917txt,15
846,846,sheep/2008_008666.jpg,sheep/2008_008666txt,17
964,964,tvmonitor/2008_003609.jpg,tvmonitor/2008_003609txt,20
35,35,aeroplane/2008_007629.jpg,aeroplane/2008_007629txt,1
487,487,cow/2008_008132.jpg,cow/2008_008132txt,10
115,115,bird/2008_004362.jpg,bird/2008_004362txt,3
329,329,car/2008_004862.jpg,car/2008_004862txt,7
759,759,pottedplant/2008_001862.jpg,pottedplant/2008_001862txt,16
7,7,aeroplane/2008_001985.jpg,aeroplane/2008_001985txt,1
504,504,diningtable/2008_001077.jpg,diningtable/2008_001077txt,11
720,720,person/2008_002283.jpg,person/2008_002283txt,15
516,516,diningtable/2008_002892.jpg,diningtable/2008_002892txt,11
462,462,cow/2008_003297.jpg,cow/2008_003297txt,10
966,966,tvmonitor/2008_004004.jpg,tvmonitor/2008_004004txt,20
434,434,chair/2008_005616.jpg,chair/2008_005616txt,9
666,666,motorbike/2008_004084.jpg,motorbike/2008_004084txt,14
280,280,bus/2008_006483.jpg,bus/2008_006483txt,6
596,596,dog/2008_007537.jpg,dog/2008_007537txt,12
277,277,bus/2008_005891.jpg,bus/2008_005891txt,6
483,483,cow/2008_007596.jpg,cow/2008_007596txt,10
686,686,motorbike/2008_007348.jpg,motorbike/2008_007348txt,14
544,544,diningtable/2008_008098.jpg,diningtable/2008_008098txt,11
276,276,bus/2008_005761.jpg,bus/2008_005761txt,6
22,22,aeroplane/2008_005907.jpg,aeroplane/2008_005907txt,1
402,402,chair/2008_001073.jpg,chair/2008_001073txt,9
775,775,pottedplant/2008_005874.jpg,pottedplant/2008_005874txt,16
644,644,horse/2008_008296.jpg,horse/2008_008296txt,13
830,830,sheep/2008_007070.jpg,sheep/2008_007070txt,17
117,117,bird/2008_004551.jpg,bird/2008_004551txt,3
137,137,bird/2008_007752.jpg,bird/2008_007752txt,3
289,289,bus/2008_007997.jpg,bus/2008_007997txt,6
257,257,bus/2008_002451.jpg,bus/2008_002451txt,6
744,744,person/2008_007277.jpg,person/2008_007277txt,15
776,776,pottedplant/2008_005914.jpg,pottedplant/2008_005914txt,16
571,571,dog/2008_004044.jpg,dog/2008_004044txt,12
489,489,cow/2008_008199.jpg,cow/2008_008199txt,10
43,43,aeroplane/2008_008373.jpg,aeroplane/2008_008373txt,1
878,878,sofa/2008_005926.jpg,sofa/2008_005926txt,18
805,805,sheep/2008_002150.jpg,sheep/2008_002150txt,17
372,372,cat/2008_004303.jpg,cat/2008_004303txt,8
956,956,tvmonitor/2008_001772.jpg,tvmonitor/2008_001772txt,20
457,457,cow/2008_002270.jpg,cow/2008_002270txt,10
941,941,train/2008_008321.jpg,train/2008_008321txt,19
875,875,sofa/2008_004881.jpg,sofa/2008_004881txt,18
370,370,cat/2008_003622.jpg,cat/2008_003622txt,8
103,103,bird/2008_001829.jpg,bird/2008_001829txt,3
401,401,chair/2008_000976.jpg,chair/2008_000976txt,9
71,71,bicycle/2008_004995.jpg,bicycle/2008_004995txt,2
67,67,bicycle/2008_004592.jpg,bicycle/2008_004592txt,2
325,325,car/2008_004100.jpg,car/2008_004100txt,7
478,478,cow/2008_007025.jpg,cow/2008_007025txt,10
982,982,tvmonitor/2008_005625.jpg,tvmonitor/2008_005625txt,20
491,491,cow/2008_008370.jpg,cow/2008_008370txt,10
206,206,bottle/2008_000911.jpg,bottle/2008_000911txt,5
395,395,cat/2008_007363.jpg,cat/2008_007363txt,8
378,378,cat/2008_005003.jpg,cat/2008_005003txt,8
311,311,car/2008_001632.jpg,car/2008_001632txt,7
821,821,sheep/2008_006059.jpg,sheep/2008_006059txt,17
198,198,boat/2008_007841.jpg,boat/2008_007841txt,4
857,857,sofa/2008_000704.jpg,sofa/2008_000704txt,18
807,807,sheep/2008_002430.jpg,sheep/2008_002430txt,17
902,902,train/2008_001164.jpg,train/2008_001164txt,19
862,862,sofa/2008_002119.jpg,sofa/2008_002119txt,18
969,969,tvmonitor/2008_004301.jpg,tvmonitor/2008_004301txt,20
873,873,sofa/2008_004632.jpg,sofa/2008_004632txt,18
781,781,pottedplant/2008_006611.jpg,pottedplant/2008_006611txt,16
933,933,train/2008_007779.jpg,train/2008_007779txt,19
352,352,cat/2008_000227.jpg,cat/2008_000227txt,8
534,534,diningtable/2008_005975.jpg,diningtable/2008_005975txt,11
788,788,pottedplant/2008_007525.jpg,pottedplant/2008_007525txt,16
452,452,cow/2008_000876.jpg,cow/2008_000876txt,10
920,920,train/2008_005968.jpg,train/2008_005968txt,19
546,546,diningtable/2008_008362.jpg,diningtable/2008_008362txt,11
374,374,cat/2008_004347.jpg,cat/2008_004347txt,8
450,450,cow/2008_000335.jpg,cow/2008_000335txt,10
611,611,horse/2008_003461.jpg,horse/2008_003461txt,13
638,638,horse/2008_008034.jpg,horse/2008_008034txt,13
238,238,bottle/2008_006331.jpg,bottle/2008_006331txt,5
403,403,chair/2008_001320.jpg,chair/2008_001320txt,9
570,570,dog/2008_003852.jpg,dog/2008_003852txt,12
555,555,dog/2008_000706.jpg,dog/2008_000706txt,12
400,400,chair/2008_000904.jpg,chair/2008_000904txt,9
867,867,sofa/2008_003271.jpg,sofa/2008_003271txt,18
165,165,boat/2008_003701.jpg,boat/2008_003701txt,4
507,507,diningtable/2008_001230.jpg,diningtable/2008_001230txt,11
508,508,diningtable/2008_001451.jpg,diningtable/2008_001451txt,11
493,493,cow/2008_008482.jpg,cow/2008_008482txt,10
182,182,boat/2008_005863.jpg,boat/2008_005863txt,4
348,348,car/2008_007804.jpg,car/2008_007804txt,7
119,119,bird/2008_004783.jpg,bird/2008_004783txt,3
361,361,cat/2008_002201.jpg,cat/2008_002201txt,8
573,573,dog/2008_004528.jpg,dog/2008_004528txt,12
351,351,cat/2008_000182.jpg,cat/2008_000182txt,8
581,581,dog/2008_005065.jpg,dog/2008_005065txt,12
569,569,dog/2008_003576.jpg,dog/2008_003576txt,12
40,40,aeroplane/2008_008231.jpg,aeroplane/2008_008231txt,1
304,304,car/2008_000346.jpg,car/2008_000346txt,7
453,453,cow/2008_000905.jpg,cow/2008_000905txt,10
174,174,boat/2008_004983.jpg,boat/2008_004983txt,4
705,705,person/2008_000748.jpg,person/2008_000748txt,15
41,41,aeroplane/2008_008247.jpg,aeroplane/2008_008247txt,1
373,373,cat/2008_004328.jpg,cat/2008_004328txt,8
332,332,car/2008_005747.jpg,car/2008_005747txt,7
188,188,boat/2008_006404.jpg,boat/2008_006404txt,4
663,663,motorbike/2008_003320.jpg,motorbike/2008_003320txt,14
676,676,motorbike/2008_006517.jpg,motorbike/2008_006517txt,14
863,863,sofa/2008_002776.jpg,sofa/2008_002776txt,18
217,217,bottle/2008_004487.jpg,bottle/2008_004487txt,5
874,874,sofa/2008_004670.jpg,sofa/2008_004670txt,18
678,678,motorbike/2008_006857.jpg,motorbike/2008_006857txt,14
622,622,horse/2008_005642.jpg,horse/2008_005642txt,13
492,492,cow/2008_008428.jpg,cow/2008_008428txt,10
235,235,bottle/2008_006102.jpg,bottle/2008_006102txt,5
542,542,diningtable/2008_007402.jpg,diningtable/2008_007402txt,11
853,853,sofa/2008_000493.jpg,sofa/2008_000493txt,18
303,303,car/2008_000252.jpg,car/2008_000252txt,7
471,471,cow/2008_006210.jpg,cow/2008_006210txt,10
48,48,aeroplane/2008_008501.jpg,aeroplane/2008_008501txt,1
831,831,sheep/2008_007245.jpg,sheep/2008_007245txt,17
576,576,dog/2008_004760.jpg,dog/2008_004760txt,12
647,647,horse/2008_008431.jpg,horse/2008_008431txt,13
243,243,bottle/2008_007168.jpg,bottle/2008_007168txt,5
951,951,tvmonitor/2008_001021.jpg,tvmonitor/2008_001021txt,20
897,897,sofa/2008_008628.jpg,sofa/2008_008628txt,18
590,590,dog/2008_006130.jpg,dog/2008_006130txt,12
691,691,motorbike/2008_007955.jpg,motorbike/2008_007955txt,14
428,428,chair/2008_003998.jpg,chair/2008_003998txt,9
621,621,horse/2008_005498.jpg,horse/2008_005498txt,13
716,716,person/2008_001349.jpg,person/2008_001349txt,15
93,93,bicycle/2008_008619.jpg,bicycle/2008_008619txt,2
89,89,bicycle/2008_008320.jpg,bicycle/2008_008320txt,2
513,513,diningtable/2008_002362.jpg,diningtable/2008_002362txt,11
169,169,boat/2008_003988.jpg,boat/2008_003988txt,4
426,426,chair/2008_003796.jpg,chair/2008_003796txt,9
632,632,horse/2008_007576.jpg,horse/2008_007576txt,13
773,773,pottedplant/2008_005214.jpg,pottedplant/2008_005214txt,16
922,922,train/2008_006158.jpg,train/2008_006158txt,19
750,750,pottedplant/2008_000196.jpg,pottedplant/2008_000196txt,16
480,480,cow/2008_007031.jpg,cow/2008_007031txt,10
740,740,person/2008_006181.jpg,person/2008_006181txt,15
393,393,cat/2008_007176.jpg,cat/2008_007176txt,8
262,262,bus/2008_003489.jpg,bus/2008_003489txt,6
574,574,dog/2008_004653.jpg,dog/2008_004653txt,12
12,12,aeroplane/2008_003575.jpg,aeroplane/2008_003575txt,1
980,980,tvmonitor/2008_005254.jpg,tvmonitor/2008_005254txt,20
905,905,train/2008_001866.jpg,train/2008_001866txt,19
44,44,aeroplane/2008_008424.jpg,aeroplane/2008_008424txt,1
976,976,tvmonitor/2008_004930.jpg,tvmonitor/2008_004930txt,20
100,100,bird/2008_000095.jpg,bird/2008_000095txt,3
985,985,tvmonitor/2008_005817.jpg,tvmonitor/2008_005817txt,20
323,323,car/2008_004020.jpg,car/2008_004020txt,7
778,778,pottedplant/2008_006068.jpg,pottedplant/2008_006068txt,16
619,619,horse/2008_004911.jpg,horse/2008_004911txt,13
850,850,sofa/2008_000128.jpg,sofa/2008_000128txt,18
530,530,diningtable/2008_004948.jpg,diningtable/2008_004948txt,11
433,433,chair/2008_005414.jpg,chair/2008_005414txt,9
903,903,train/2008_001625.jpg,train/2008_001625txt,19
232,232,bottle/2008_006004.jpg,bottle/2008_006004txt,5
992,992,tvmonitor/2008_007282.jpg,tvmonitor/2008_007282txt,20
925,925,train/2008_006818.jpg,train/2008_006818txt,19
927,927,train/2008_007201.jpg,train/2008_007201txt,19
715,715,person/2008_001318.jpg,person/2008_001318txt,15
782,782,pottedplant/2008_006807.jpg,pottedplant/2008_006807txt,16
258,258,bus/2008_003060.jpg,bus/2008_003060txt,6
264,264,bus/2008_003691.jpg,bus/2008_003691txt,6
127,127,bird/2008_005924.jpg,bird/2008_005924txt,3
760,760,pottedplant/2008_001966.jpg,pottedplant/2008_001966txt,16
640,640,horse/2008_008052.jpg,horse/2008_008052txt,13
81,81,bicycle/2008_007222.jpg,bicycle/2008_007222txt,2
898,898,sofa/2008_008642.jpg,sofa/2008_008642txt,18
173,173,boat/2008_004969.jpg,boat/2008_004969txt,4
662,662,motorbike/2008_002972.jpg,motorbike/2008_002972txt,14
586,586,dog/2008_005823.jpg,dog/2008_005823txt,12
608,608,horse/2008_002697.jpg,horse/2008_002697txt,13
285,285,bus/2008_007352.jpg,bus/2008_007352txt,6
610,610,horse/2008_003447.jpg,horse/2008_003447txt,13
360,360,cat/2008_002067.jpg,cat/2008_002067txt,8
407,407,chair/2008_001737.jpg,chair/2008_001737txt,9
731,731,person/2008_004176.jpg,person/2008_004176txt,15
818,818,sheep/2008_005635.jpg,sheep/2008_005635txt,17
359,359,cat/2008_001885.jpg,cat/2008_001885txt,8
28,28,aeroplane/2008_006623.jpg,aeroplane/2008_006623txt,1
607,607,horse/2008_002666.jpg,horse/2008_002666txt,13
771,771,pottedplant/2008_004634.jpg,pottedplant/2008_004634txt,16
706,706,person/2008_000806.jpg,person/2008_000806txt,15
655,655,motorbike/2008_001203.jpg,motorbike/2008_001203txt,14
714,714,person/2008_001301.jpg,person/2008_001301txt,15
26,26,aeroplane/2008_006619.jpg,aeroplane/2008_006619txt,1
797,797,pottedplant/2008_008341.jpg,pottedplant/2008_008341txt,16
540,540,diningtable/2008_007097.jpg,diningtable/2008_007097txt,11
957,957,tvmonitor/2008_001920.jpg,tvmonitor/2008_001920txt,20
525,525,diningtable/2008_004321.jpg,diningtable/2008_004321txt,11
918,918,train/2008_004914.jpg,train/2008_004914txt,19
766,766,pottedplant/2008_003665.jpg,pottedplant/2008_003665txt,16
224,224,bottle/2008_005140.jpg,bottle/2008_005140txt,5
684,684,motorbike/2008_007313.jpg,motorbike/2008_007313txt,14
20,20,aeroplane/2008_005538.jpg,aeroplane/2008_005538txt,1
868,868,sofa/2008_003393.jpg,sofa/2008_003393txt,18
195,195,boat/2008_007056.jpg,boat/2008_007056txt,4
553,553,dog/2008_000620.jpg,dog/2008_000620txt,12
794,794,pottedplant/2008_008024.jpg,pottedplant/2008_008024txt,16
338,338,car/2008_006438.jpg,car/2008_006438txt,7
297,297,bus/2008_008679.jpg,bus/2008_008679txt,6
745,745,person/2008_007476.jpg,person/2008_007476txt,15
762,762,pottedplant/2008_002653.jpg,pottedplant/2008_002653txt,16
986,986,tvmonitor/2008_006136.jpg,tvmonitor/2008_006136txt,20
343,343,car/2008_007119.jpg,car/2008_007119txt,7
154,154,boat/2008_001135.jpg,boat/2008_001135txt,4
707,707,person/2008_000825.jpg,person/2008_000825txt,15
944,944,train/2008_008583.jpg,train/2008_008583txt,19
567,567,dog/2008_002859.jpg,dog/2008_002859txt,12
658,658,motorbike/2008_002752.jpg,motorbike/2008_002752txt,14
398,398,cat/2008_007855.jpg,cat/2008_007855txt,8
697,697,motorbike/2008_008450.jpg,motorbike/2008_008450txt,14
4,4,aeroplane/2008_001468.jpg,aeroplane/2008_001468txt,1
756,756,pottedplant/2008_001460.jpg,pottedplant/2008_001460txt,16
190,190,boat/2008_006654.jpg,boat/2008_006654txt,4
528,528,diningtable/2008_004776.jpg,diningtable/2008_004776txt,11
494,494,cow/2008_008521.jpg,cow/2008_008521txt,10
92,92,bicycle/2008_008572.jpg,bicycle/2008_008572txt,2
191,191,boat/2008_006720.jpg,boat/2008_006720txt,4
337,337,car/2008_006336.jpg,car/2008_006336txt,7
424,424,chair/2008_003504.jpg,chair/2008_003504txt,9
15,15,aeroplane/2008_003788.jpg,aeroplane/2008_003788txt,1
111,111,bird/2008_003484.jpg,bird/2008_003484txt,3
118,118,bird/2008_004689.jpg,bird/2008_004689txt,3
588,588,dog/2008_005882.jpg,dog/2008_005882txt,12
404,404,chair/2008_001338.jpg,chair/2008_001338txt,9
315,315,car/2008_002368.jpg,car/2008_002368txt,7
798,798,pottedplant/2008_008402.jpg,pottedplant/2008_008402txt,16
606,606,horse/2008_002459.jpg,horse/2008_002459txt,13
42,42,aeroplane/2008_008344.jpg,aeroplane/2008_008344txt,1
701,701,person/2008_000413.jpg,person/2008_000413txt,15
263,263,bus/2008_003673.jpg,bus/2008_003673txt,6
256,256,bus/2008_002412.jpg,bus/2008_002412txt,6
554,554,dog/2008_000641.jpg,dog/2008_000641txt,12
309,309,car/2008_001208.jpg,car/2008_001208txt,7
735,735,person/2008_004426.jpg,person/2008_004426txt,15
594,594,dog/2008_007478.jpg,dog/2008_007478txt,12
545,545,diningtable/2008_008266.jpg,diningtable/2008_008266txt,11
979,979,tvmonitor/2008_005231.jpg,tvmonitor/2008_005231txt,20
996,996,tvmonitor/2008_007987.jpg,tvmonitor/2008_007987txt,20
572,572,dog/2008_004498.jpg,dog/2008_004498txt,12
180,180,boat/2008_005695.jpg,boat/2008_005695txt,4
687,687,motorbike/2008_007459.jpg,motorbike/2008_007459txt,14
307,307,car/2008_000982.jpg,car/2008_000982txt,7
856,856,sofa/2008_000648.jpg,sofa/2008_000648txt,18
178,178,boat/2008_005664.jpg,boat/2008_005664txt,4
549,549,diningtable/2008_008388.jpg,diningtable/2008_008388txt,11
61,61,bicycle/2008_003351.jpg,bicycle/2008_003351txt,2
187,187,boat/2008_006289.jpg,boat/2008_006289txt,4
341,341,car/2008_006827.jpg,car/2008_006827txt,7
179,179,boat/2008_005683.jpg,boat/2008_005683txt,4
991,991,tvmonitor/2008_007196.jpg,tvmonitor/2008_007196txt,20
561,561,dog/2008_001479.jpg,dog/2008_001479txt,12
397,397,cat/2008_007589.jpg,cat/2008_007589txt,8
209,209,bottle/2008_001486.jpg,bottle/2008_001486txt,5
273,273,bus/2008_005277.jpg,bus/2008_005277txt,6
693,693,motorbike/2008_008177.jpg,motorbike/2008_008177txt,14
672,672,motorbike/2008_005902.jpg,motorbike/2008_005902txt,14
657,657,motorbike/2008_001691.jpg,motorbike/2008_001691txt,14
